Aamer,Ermel
Aamod,Bernatsky
Aamod,Llado
Abdelaziz,Czap
Abdelaziz,Poulakidas
Abdelaziz,Rosenbaum
Abdelghani,Sabnani
Abdelghani,Sinitsyn
Abdelkader,Marrakchi
Abdelkader,Tchuente
Abdelwaheb,Koblitz
Abdulah,Covnot
Abdulah,Kroft
Abdulah,Schiper
Abdulah,Yetim
Abdulla,Lagarias
Abdulla,Miara
Achilleas,Schach
Achilleas,Picaronny
Achilleas,Worfolk
Adam,Asrin
Adam,Kisuki
Adamantios,Gecsei
Adamantios,Colorni
Adas,Fetvedt
Adas,Kalorkoti
Adas,Warwick
Adas,Hofmeyr
Adel,Picci
Adel,Kuhnemann
Adhemar,Heusch
Adhemar,Eiter
Adhemar,Oppitz
Adil,Walstra
Adil,Brickell
Adin,Valette
Adin,Kaminger
Adin,Rotem
Adit,Kemmerer
Adit,Felcyn
Aemilian,Thorensen
Aemilian,Speel
Aemilian,Syrzycki
Aemilian,Negoita
Aiichiro,Ducloy
Aiichiro,Murtha
Aiman,Kolinko
Aiman,Shrader
Aimee,Orlowska
Aimee,Kornatzky
Aimee,Stifter
Aimee,Aseltine
Akeel,Ibel
Akeel,Kleiser
Akeel,Baez
Akemi,Ranai
Akemi,Warwick
Akemi,Litzkow
Akemi,Axelband
Akeno,Perelgut
Akeno,Gente
Akeno,Barriga
Akhilish,Perly
Akhilish,Dratva
Aksel,Teitelbaum
Aksel,Speer
Aksel,Maginnis
Alagu,Thebaut
Alain,Dratva
Alain,Kalsbeek
Alair,Schieder
Alassane,Morrey
Alassane,Kadhim
Alejandra,Jiang
Alejandra,Bolotov
Alejandro,Sambasivam
Aleksandar,Feldhoffer
Aleksandar,Piazza
Aleksandar,Masand
Aleksander,Garnham
Aleksander,Schaaf
Aleksander,Kavraki
Aleksander,Pellegrinelli
Alenka,Angelopoulos
Alenka,Kropp
Alexius,Kavraki
Alexius,Stafford
Almudena,Dratva
Alois,Kavanagh
Alois,Zlotek
Aloke,Reeken
Aloke,Schmezko
Aloke,Chinal
Along,Cools
Along,Schwartzbauer
Aloys,Bonifati
Aloys,Gecseg
Aloys,Eldridge
Aloys,Thummel
Aloys,Senzako
Alper,Ozeri
Alper,Syang
Alper,Giaccio
Alper,Hebden
Alselm,Harnett
Amabile,Apsitis
Amalendu,Dulin
Amstein,Denny
Amstein,Lores
Amstein,Simmen
Anestis,Granlund
Angel,Iivonen
Angel,Cairo
Angel,Vilarrasa
Angel,Kampfer
Angel,Edelhoff
Angel,Ossenbruggen
Angus,Stenning
Angus,Khalil
Angus,Byoun
Anneke,Leslie
Anneke,Tomescu
Anneli,Murillo
Anneli,Mahmud
Anneli,Baezner
Anneli,Talmor
Anneli,Pettis
Annemarie,Langford
Anoosh,Thiran
Anyuan,Samarati
Anyuan,Fordan
Anyuan,Dengi
Apostol,Vakili
Apostol,Leuchs
Aral,Hoppenstand
Aran,Ashish
Aran,Bridgland
Aran,Benaini
Arch,Dalphin
Arch,Worfolk
Arch,Thimonier
Arch,Peek
Arco,Anandan
Arfst,Asrin
Arfst,Belinskaya
Aria,Morrin
Aria,Birjandi
Arie,Gecsei
Arif,Clouatre
Arif,Aseltine
Aris,Negoita
Aris,Masaki
Aris,Merkl
Aris,Khasidashvili
Aris,Pappas
Arlette,Homond
Armond,Gihr
Armond,Geffroy
Arnd,Bouloucos
Arnd,Junot
Arno,Baba
Arno,Atchley
Arno,Kumaresan
Aron,Pehl
Arra,Murillo
Arra,Bharadwaj
Arra,Kambil
Arto,Thimonier
Arto,Apsitis
Arto,Matzov
Arto,Kawashimo
Arumugam,Guting
Arun,Suppi
Arunachalam,Spieker
Arunachalam,Melton
Arup,Schaar
Arup,Brendel
Arvin,Lorie
Arvind,Zirintsis
Arvind,Pews
Arvind,Lammel
Ashish,Preusig
Atilio,Schaaf
Atreye,Schmiedel
Avishai,Encarnacion
Avishai,Szmurlo
Ayakannu,Eldridge
Ayonca,Budinsky
Ayonca,Couchot
Bader,Hockney
Badri,Petereit
Badri,Murtha
Badri,Keohane
Badri,Impagliazzo
Bangqing,Lunt
Bangqing,Pettit
Bangqing,Zastre
Baoqiu,Mayerwieser
Barry,Godskesen
Barry,Hofstetter
Bartek,Rosaz
Baruch,Benner
Basant,Gerteisen
Basant,Heydon
Basant,Cheshire
Basem,Luck
Basem,Eickenmeyer
Basem,Shumilov
Basem,Akiyama
Basil,Kaelbling
Basil,Bernick
Basim,Tischendorf
Basim,Benzmuller
Baziley,Constantine
Baziley,Luef
Baziley,Litvinov
Baziley,Erol
Becky,Paludetto
Becky,Khalil
Bedir,Uehara
Bedrich,Luft
Bedrich,Lubachevsky
Bedrich,Penn
Berna,Borovoy
Bernardo,Sinitsyn
Berni,Preusig
Bernt,Erie
Berry,Merks
Berthier,Trystram
Berto,Brandsma
Beshir,Chiola
Bezalel,Pezzoli
Bezalel,Kamble
Bezalel,Argence
Bezalel,Vesna
Bikash,Cannata
Bikash,Herath
Bikash,Jayawardene
Bikash,Shiratori
Billie,Hambrick
Billie,Sessa
Billie,Speer
Billie,Middleton
Billur,Claffy
Bingning,Perin
Bingning,Lupu
Bingning,Baja
Bingning,Hopewell
Bluma,Prochazka
Boalin,Feldmann
Boalin,Rosen
Boaz,Junet
Boaz,Fandrianto
Boaz,Cannata
Bodo,Sudkamp
Bodo,Iivonen
Bogdan,Mapelli
Boguslaw,Mayerwieser
Boguslaw,Ariola
Boguslaw,Morris
Bokyung,Schaar
Bokyung,Isard
Bokyung,Leivant
Boriana,Mungall
Boriana,Manderick
Boriana,Gajiwala
Boriana,Bazelow
Bouchung,Zedlitz
Boutros,Gimarc
Bowen,Bashian
Branimir,Luks
Branimir,Bodoff
Breannda,Janocha
Breannda,DiGiano
Breannda,Portugali
Breannda,Buescher
Brewster,Keohane
Brewster,Chiodo
Brewster,Mungall
Brigham,Teitelbaum
Brigham,Isard
Brigham,Weedon
Brigham,Mitina
Byong,Rothe
Byong,Pettit
Candida,Iisaku
Candida,Kuzuoka
Candido,Peroz
Candido,Christ
Candido,Schusler
Carrsten,Jullig
Cathie,Menhoudj
Cathie,Standera
Cedric,Mateescu
Cedric,Brlek
Cedric,Rossi
Cedric,Prochazka
Cedric,Bonifati
Chaitali,Baik
Chaitali,Fairtlough
Chaitali,Chorvat
Chandrasekaran,Schmiedel
Chanjung,Kavvadias
Chaosheng,Ozery
Chaosheng,Perin
Chaosheng,Harllee
Chaoyi,Ushiama
Chaoyi,Beznosov
Charlene,Cooman
Charlene,Sankaranarayanan
Charlene,Yoshimura
Charmane,Peltason
Charmane,Griswold
Chenxi,Thambidurai
Chenxi,Erdmenger
Chenye,Baja
Chenye,Ducloy
Chenye,Cannard
Chenye,Eickenmeyer
Chenye,Ramsey
Chenye,Cronin
Chenyi,Schusler
Cheong,Braunmuhl
Cheong,Janetzko
Cheong,Ranai
Chikako,Jiang
Chikako,Moehrke
Chikara,Kitsuregawa
Chinho,Trachtenberg
Chinho,Schneeberger
Chinhyun,Peek
Chinhyun,Klyachko
Chinhyun,Butner
Chinhyun,Clouatre
Chiradeep,Parhami
Chiranjit,Bamford
Chiranjit,Farrow
Chirstian,Marwedel
Chirstian,Ligten
Chirstian,Majewski
Chirstian,Kobara
Chrisa,Condotta
Chrisa,Zeleznik
Chrisa,Schaar
Chriss,Eiter
Chriss,Zaccaria
Chriss,Tagansky
Chriss,Ossenbruggen
Christ,Bashian
Christ,Murtagh
Christ,Baca
Christfried,Pollock
Christfried,Orsini
Christfried,Zockler
Christoper,Baig
Christoph,Ventosa
Christoph,Siochi
Christoph,Shokrollahi
Christoph,Bouloucos
Chuanti,Nitsche
Chuanti,Ishibashi
Chuanti,Stanger
Chuanyi,Manders
Claudi,Honiden
Claudi,Pezzoli
Claudi,Gubsky
Clyde,Itzfeldt
Clyde,Georgakopoulos
Conal,Champarnaud
Conor,Griswold
Conor,Wegerle
Conrado,Pavlopoulou
Constantijn,Pramanik
Constantijn,Schwabacher
Constantine,Kornatzky
Constantino,Ibel
Cristinel,Fairtlough
Cullen,Dulli
DAIDA,Pehl
Danae,Matheson
Danai,Middleton
Danco,Schreiter
Danel,Uehara
Danel,Chleq
Danil,Perna
Danil,Kroon
Danny,Nicolson
Danny,Rohrbach
Dannz,Beerel
Dante,Schmittgen
Dante,Boudaillier
Dante,Kuzuoka
Dante,Krone
Dayanand,Morrey
Debaprosad,Badr
Debatosh,Dayana
Debatosh,Botman
Debatosh,Flowers
DeForest,Remmele
DeForest,Cappello
Demin,Wynblatt
Demin,Rotem
Demin,Basawa
Demos,Quadeer
Demos,Mayerwieser
Denis,Fraisse
Denis,Bashian
Denis,Paciorek
Denis,Erbe
Denis,Ranum
Deniz,Pramanik
Deniz,Parhami
Deniz,Comyn
Deniz,Noriega
Denny,Ruther
Denny,Zhiwei
Denny,Lorho
Dharmaraja,Mellouli
Dhritiman,Giveon
Dhritiman,Erol
Diederik,Camurati
Dietrich,Sadowski
Dietrich,Vanwelkenhuysen
Dinah,Garigliano
Dinah,Khasidashvili
Dinah,Anick
Dines,Swab
Dines,Veeraraghavan
Dines,Giaccio
Dipankar,Breugel
Dipayan,Gruenwald
Divier,Farrag
Djenana,Roccetti
Djenana,Peron
Dmitry,Baby
Domenick,Velasco
Domenico,Imataki
Domenico,Schmittgen
Doohun,Junet
Doohun,Salvesen
Doohun,Pusterhofer
Doohun,Zallocco
Doowon,Benzmuller
Doowon,Luce
Douadi,Cairo
Douadi,Molberg
Duangkaew,Pokrovskii
Duke,Picaronny
Dulce,Cincotta
Dung,Tanemo
Duri,Luon
Dzung,Auria
Eben,Kermarrec
Eben,Iisaku
Eberhardt,Maierhofer
Eberhardt,Gubsky
Eberhardt,Backhouse
Eberhardt,Guardalben
Eberhardt,Angelov
Eberhardt,Sidou
Ebru,Varley
Eckart,Nations
Eckart,Ghemri
Eirik,Erdmenger
Eishiro,Pezzoli
Eishiro,Mitina
Eishiro,Barreiro
Eishiro,Hennebert
Ekawit,Waleschkowski
Ekawit,Budinsky
Ekawit,Alpay
Eldridge,Heiserman
Eldridge,Stroustrup
Elliott,Businaro
Elrique,Hooghiemstra
Elvia,Baalen
Elvis,Demri
Elvis,Melton
Elzbieta,Aamodt
Emdad,Roison
Emdad,Birnbaum
Emdad,Katzenelson
Emdad,Himler
Emdad,Trachtenberg
Ennio,Lorcy
Ennio,Glowinski
Eran,Vural
Eran,Talmor
Erzsebet,Hooghiemstra
Etsuo,Stamatiou
Ewing,Trachtenberg
Fabrizio,Erol
Fabrizio,DuBourdieux
Fabrizio,Goldhammer
Fai,Waleschkowski
Fai,Ligten
Fai,Vecchi
Faiza,Curless
Faiza,Cheshire
Faiza,Bahi
Faiza,Mondadori
Falguni,Swiler
Fan,Neiman
Fan,Rajaraman
Fay,Marciano
Fay,Ramalingam
Fay,Rando
Feipei,Nollmann
Feipei,Menhardt
Feiyu,Serdy
Feiyu,Luit
Felicidad,Tibblin
Felicidad,Furudate
Felicidad,Mawatari
Fen,Rohrbach
Ferdinand,Merks
Ferdinand,Cappello
Filipe,Condotta
Filipe,Bellmore
Filipe,Bednarek
Filipp,Vieri
Filipp,Fetvedt
Filipp,Taubenfeld
Flemming,Borovoy
Flemming,Cooke
Florian,Gimbel
Florian,Rissland
Florina,Demri
Florina,Verhoeff
Florina,Tchuente
Florina,Curless
Foong,Baaz
Fox,Rabejac
Fox,Gargeya
Fox,Lodder
Francoise,Einsfeld
Franziska,Salvesen
Frazer,Remmele
Frazer,Ranze
Frazer,Kalorkoti
Frazer,Lodder
Frederique,Sherertz
Frederique,Malabarba
Freyja,Khamsi
Freyja,Brizzi
Froduald,Angelov
Fumiko,Perry
Fumino,Schahn
Fumino,Ciolek
Fumitaka,Slobodova
Fumitaka,Merro
Fumitake,Benaini
Fumiyo,Bruckman
Fumiyo,Nitsche
Fun,Garnier
Fun,Zaccaria
Gad,Levasseur
Gad,Lichtman
Gad,Kruskal
Gad,Impagliazzo
Gad,Sundgren
Gadiel,Ghelli
Gadiel,Hutter
Gaetan,Thibadeau
Gao,Fairtlough
Garnet,Kavraki
Garnik,Yavatkar
Garnik,Spell
Gaurav,Beznosov
Gaurav,Lupu
Gay,Ebeling
Gay,Weedman
Gay,Kumaresan
Gen,Restivo
Gen,Chimia
Gen,Bernatsky
Genevieve,Alpay
Genevieve,Gill
Genki,Heemskerk
Genki,Delaune
Gennadi,Fasbender
Genta,Lyonns
Genta,Hammerschmidt
Geoff,Swan
Geoffrey,Randi
Geoffry,Khalid
Geoffry,Kitai
Georg,Peris
George,Erdmenger
George,Khalil
Georgi,Willoner
Georgy,Mitchem
Georgy,Kilgour
Georgy,Junet
Geraldo,Bednarek
Geraldo,Thorelli
Gererd,Baar
Ghassan,Valiente
Ghassan,Pena
Ghassan,Birta
Gian,Rissanen
Gian,Pepe
Gianluca,Prampolini
Giao,Engberts
Giao,Taneja
Giap,Haldar
Giap,Pashtan
Gil,Standera
Gil,Waeselynck
Gil,Erev
Gila,Taneja
Gila,Portugali
Gilbert,Pearson
Gilbert,Koblitz
Gill,Hutter
Gill,Rissanen
Gina,Barriga
Gio,Muhling
Giordano,Docker
Girolamo,Murrill
Girolamo,Fujisawa
Girolamo,Sherertz
Girolamo,Henders
Gita,Pesch
Goa,Guardalben
Goa,Miyakawa
Goa,Stenning
Godehard,Gips
Godehard,Heiserman
Goetz,Herath
Goetz,Curless
Goh,Linnainmaa
Goh,Dulli
Golgen,Erez
Golgen,Krichel
Golgen,Poujol
Golgen,Diderrich
Golgen,Codenie
Goncalo,Anily
Goncalo,Cherinka
Gonzalo,Adachi
Gonzalo,Sewelson
Goo,Keirsey
Goo,Huhdanpaa
Goo,Reinhart
Gopalakrishnan,Conta
Gopalakrishnan,Lanphier
Gor,Khalid
Gou,Plessier
Gou,Birnbaum
Greger,Takanami
Greger,Zumaque
Gregory,Chenney
Gritta,Ghandeharizadeh
Gro,Czap
Gro,Cooley
Gro,Flowers
Gro,Iacovou
Guadalupe,Assaf
Guadalupe,Babb
Guangming,Jenevein
Guangming,Senzako
Guenter,Segond
Guenter,Ranai
Guiseppe,Thisen
Gunilla,Bamford
Gunilla,Takkinen
Gunilla,Gladwell
Guoxiang,Munch
Guozhong,Neiman
Guozhong,Covnot
Guozhong,Janetzko
Gurbir,Mitina
Gurbir,Mahnke
Gurbir,Beerel
Guther,Waschkowski
Guther,Stasinski
Guttorm,Kugler
Guttorm,Conti
Guttorm,Picht
Guttorm,Baer
Guttorm,Sevcikova
Hailing,Ritzmann
Hairong,Stellhorn
Hairong,Polajnar
Haldun,Plotkin
Halsur,Nittel
Harjit,Murrill
Harngdar,Lipner
Hatem,Schahn
Hatem,Goodrum
Hatim,Czaja
Hatim,Rodham
Hatim,Hofman
Hatsukazu,Decleir
Heather,Koblitz
Heather,Quadeer
Heejo,Simkin
Heeju,Osgood
Heekeun,Pepe
Hein,Rissland
Heng,Fortenbacher
Heng,Miculan
Heon,Lund
Heping,Brender
Heping,Sessa
Heping,Buescher
Herb,Speer
Herb,Siprelle
Herbert,Decaestecker
Hercules,Denti
Hercules,Weiland
Hercules,Bodoff
Hercules,Baer
Hidde,Felder
Hidde,Thummel
Hidde,Shobatake
Hidde,Veccia
Hidefumi,Kobuchi
Hidekazu,Bala
Hideo,Cooman
Hideo,Rosin
Hilary,Pileggi
Hinrich,Ozeri
Hirochika,Hiyoshi
Hirochika,Flowers
Hirochika,Weisert
Hironobu,Zwicker
Hironoby,Tetzlaff
Hironoby,Glinert
Hiroyasu,Byoun
Hiroyasu,Muhlberg
Hisao,Anily
Hisao,Seghrouchni
Hisao,Blokdijk
Hitofumi,Petersohn
Hitofumi,Lenart
Hitomi,Terkki
Honesty,Chvatal
Honesty,Mukaidono
Honglan,Petereit
Honglan,Lorcy
Honglan,Otillio
Hongzhu,Kalsbeek
Hongzhu,Bahi
Hongzhu,Menyhert
Hongzhu,Dulin
Hongzue,Himler
Horward,Boudaillier
Horward,Oxman
Horward,Erni
Houman,Alencar
Houman,Condotta
Houman,Worfolk
Howell,Pell
Hsiangchu,Narahara
Huai,Bernatsky
Huai,Garnier
Huan,Poupard
Huan,Koshiba
Huei,Gruenwald
Huei,Baig
Hugh,Soicher
Hugo,Pietracaprina
Hugo,Hmelo
Huiqun,Birke
Huiqun,Kranzdorf
Huiqun,Massonet
Huiqun,Jiang
Hyuckchul,Zucker
Hyuckchul,Viele
Hyuncheol,Munro
Hyuncheol,Cochrane
Hyuncheol,Zyda
Hyuncheol,Gunderson
Iara,Falby
Ibibia,Lortz
Ibibia,Junet
Ibibia,Hiroyama
Ibibia,Beutelspacher
Idoia,Akaboshi
IEEE,Biron
IEEE,Garrabrants
Inderjeet,Rothenberg
Inderjeet,Lorho
Inderjeet,Vickson
Indrajit,Gerlach
Ingemar,Poupard
Ingemar,Matzke
Ingemar,Emmart
Ingmar,Irland
Ingmar,Isard
Ingmar,Iacovou
Ioana,Khasidashvili
Ipke,Vieri
Irena,Codenie
Irena,Nitsch
Irena,Siprelle
Irene,Biros
Ishfaq,Prenel
Ishfaq,Plavsic
Ishfaq,Kalloufi
Itzchak,Ramaiah
Itzchak,Gimbel
Izaskun,Wissmann
Izaskun,Sadowski
Izaskun,Redmiles
Izaskun,Sudbeck
Jaana,Angot
Jaber,Picci
Jaber,Beerel
Jackson,Schmezko
Jackson,Huxford
Jackson,England
Jacqueline,Gide
Jagoda,Ohori
Jahangir,Kemmerer
Jahangir,Setlzner
Jaideep,Peternell
Jaihie,Keirsey
Janalee,Callaway
Jaques,Gien
Jaques,Zaiane
Jaroslava,Neimat
Jasminko,Androutsos
Jayesh,Diderrich
Jayesh,Dahlbom
Jayesh,Schrift
Jayesh,Gomatam
Jayson,Ginneken
Jeanna,Strandh
Jeanna,Ghalwash
Jeanne,DuCasse
Jeanne,Benner
Jeanne,Henders
Jenwei,Spelt
Jenwei,Munke
Jeong,Vanwelkenhuysen
Jeong,Peha
Jessie,Macedo
Jessie,Thiran
Jiakeng,Harllee
Jiang,Shigei
Jiang,Peac
Jiang,Muchinsky
Jiang,Vesel
Jianhao,Morrow
Jianhao,Perry
Jianhao,Oberman
Jianhua,Ishibashi
Jianhua,Schicker
Jianhui,Lammel
Jiann,Pauthner
Jiann,Bael
Jianwen,Gente
Jianwen,Colorni
Jingling,Pardalos
Jingling,Zweizig
Jingling,Walston
Jingling,Weisert
Jingling,Ramsak
Jingling,Baez
Jinpo,Sgarro
Jinpo,Borstler
Jinxi,Swift
Jinya,Angelov
Jinya,Heusch
Jiong,Schmezko
Jixiang,Rindone
JiYoung,Chinin
JiYoung,Keohane
JoAnne,McAlpine
JoAnne,Waterhouse
JoAnne,Matheson
Jolita,Cheshire
Jolita,Kading
Jolita,Schapire
Jongsuk,Hatcliff
Jordanka,Shanbhogue
Josyula,Felcyn
Jouko,Chinin
Jouko,Isard
Jouko,Lortz
Jouni,Mahnke
Jouni,Clemencon
Jouni,Alblas
Jouni,Matzat
Jovan,Delgrande
Jovan,Iacovou
Joydip,Hitomi
Joydip,Marrakchi
Juichirou,Wilharm
Juichirou,Thambidurai
Jungsoon,Kinley
Jungsoon,Brendel
Jungsoon,Molenkamp
Junichi,Mayerwieser
Junsik,Panwar
Junsik,Eastman
Junsik,Gulik
Juyoung,Baez
Kagan,Luan
Kaijung,Heydon
Kaijung,Gargeya
Kamakshi,Lowrie
Kamakshi,Verhoeff
Kamakshi,Selenyi
Kamakshi,Alpay
Kamran,Isaak
Kamran,Gomatam
Kankanahalli,Uehara
Kankanahalli,Wendorf
Kankanahalli,Speel
Kannan,Pileggi
Kannan,Emiris
Karlis,Kulisch
Karoline,Busillo
Karoline,Kusalik
Karoline,Yeung
Kasidit,Fujisawa
Kasturi,Brattka
Kasturi,Panienski
Kasturi,Neiman
Katsuo,Huxford
Katsuo,Gilg
Katsuyuki,Sadowski
Kauko,Dusink
Kauko,Skafidas
Kauko,Kusakabe
Kauko,Setlzner
KayLiang,Kolinko
KayLiang,Mondadori
KayLiang,Chinen
KayLiang,Luca
Kayoko,Menyhert
Kayoko,Ravishankar
Kazuhide,Vanwelkenhuysen
Kazuhide,Uehara
Kazuhiko,Rabejac
Kazuhiko,Armand
Kazuhira,Danecki
Kazuhiro,Erdi
Kazuhiro,Birnbaum
Kazuhiro,Pews
Kazuhisa,Zwicker
Kazuhisa,Rijsenbrij
Kazuhisa,Perelgut
Kazuhito,Gurbaxani
Kazunori,Bratten
Kazunori,Cummings
Kazuyasu,Vasanthakumar
Kazuyasu,Schmiedel
Kazuyasu,Serre
Kazuyasu,Angelopoulos
Keiichiro,Birnbaum
Keiichiro,Kalefeld
Keiichiro,Kobuchi
Kellyn,Zastre
Kendra,Haddadi
Kensei,Heping
Kensei,Negoita
Kensei,Speek
Kensyu,Zielinski
Kenton,Bahr
Kenton,Papadias
Kerhong,Pappas
Kerhong,Radivojevic
Kerhong,Blokdijk
Kerhong,Begiun
Kerryn,Brookner
Kerryn,Sevcikova
Kerryn,Willoner
Kersti,Bahi
Kersti,Fujisaki
Kersti,Lambe
Kersti,Calkin
Keung,Eickenmeyer
Khaled,Scharstein
Khaled,Bernick
Khaled,Schauser
Khalid,Narahari
Khalid,Basawa
Khalid,Schiper
Khatoun,Lichtman
Khedija,Iacovou
Khoa,Lamparter
Khosrow,Engberts
Khosrow,Hofting
Khosrow,Sgarro
Khun,Ponthieu
Khun,Syrzycki
Kien,Ecklund
Kien,Strehl
King,Denna
King,Demeyer
Kinh,Parhami
Kinh,Setlzner
Kitty,Poehlman
Kiyokazu,Copas
Koichi,Lueh
Kokou,Bottner
Kokou,Thorelli
Kolar,Setiz
Kotesh,Fritzsche
Kotesh,Saoudi
Kotesh,Oaver
Kousuke,Desikan
Kousuke,Luck
Kousuke,Worfolk
Kousuke,McFarlin
Krassimir,Matzat
Krassimir,Encarnacion
Krassimir,Demizu
Krisda,Ramsay
Krisda,Bazelow
Krisda,Papsdorf
Krisda,Ligten
Kristen,Begiun
Krister,Tischendorf
Krister,Denti
Krister,Isard
Krister,Huttel
Kristian,Ranst
Kristian,Gihr
Kristian,Prochazka
Kristin,Beilner
Kristina,Sethi
Kristine,Foong
Kristine,Iacovou
Kristine,Luders
Kristinn,Kemmerer
Kristinn,Mahmud
Kristinn,Rotem
Kristof,Pavlopoulou
Kwan,Gulik
Kwangho,Pietrzykowski
Kwangjo,Pusterhofer
Kwangjo,Sadowsky
Kwangsub,Setia
Kwangsub,Lunn
Kwangsub,Conde
Kwangyoen,Picaronny
Kyoichi,Barbanera
Kyoichi,Aingworth
Lakshmi,Danlos
Lalit,Tanemo
Lansing,Kambil
Laurentiu,Hellwagner
Laurentiu,Heering
Laurentiu,Koblitz
Laurentiu,Sherertz
Leaf,Menyhert
Leaf,Baar
Leandro,Baaleh
Lech,Lung
Leen,Siochi
Leen,Wixon
Leif,Busillo
Lena,Stavenow
Lene,Penttonen
Lene,Farrag
Leni,Avouris
Leni,Schicker
Leni,Benzmuller
Lenore,Bondorf
Lenore,Kossowski
Lenore,Angelopoulos
Leon,Showalter
Leszek,Koblick
Leszek,Speer
Leucio,Buchter
Licheng,Koprowski
Licheng,Janetzko
Lidong,Potthoff
Lidong,Stanger
Lidong,Meriste
Lidong,Horswill
Lihong,Molenaar
Lihong,Brookner
Lijia,Matteis
Lijie,Schnelling
Limsoon,Warwick
Limsoon,Doering
Lokesh,Tibblin
Lokesh,Birsak
Lokesh,Suppi
Lorien,Leslie
Lorien,Lanteri
Lubomir,Suomi
Lubomir,Chleq
Lucian,Werthner
Lucian,Klerer
Lucian,Dichev
Lucian,Vanwelkenhuysen
Lucien,Bamford
Lucien,Murtha
Lucien,Schlegelmilch
Lucien,Egerstedt
Luerbio,Majewski
Luigi,Renear
Luigi,Rahier
Luigi,Brookner
Luisa,Gubsky
Luisa,Barinka
Luisa,Ghelli
Luise,Gerlach
Lunjin,Swick
Lunjin,Matzov
Lunjin,Anick
Mabo,Verspoor
Mabo,Felder
Macha,Awdeh
Macha,Schreiter
Magdalena,Ambroszkiewicz
Magdalena,Katalagarianos
Magy,Detkin
Magy,Vieri
Magy,Sichman
Maha,Roison
Maha,Ventosa
Mahendra,Falck
Mahendra,Janetzko
Maia,Erni
Maia,Feinberg
Maik,Ernst
Maik,Berendt
Maik,Undy
Maik,Jahnichen
Maik,Merle
Maja,Kakkad
Maja,Kampfer
Maja,Riefers
Makato,Codenie
Make,Gyorkos
Make,Beznosov
Make,Ranum
Malu,Ibel
Malu,Denis
Mamdouh,Poujol
Mamdouh,Segond
Mana,Serot
Mandell,Alencar
Mang,Imataki
Mani,Picaronny
Mani,Azulay
Manibrata,Eterovic
Manibrata,Lieberherr
Manohar,Erez
Manohar,Zirintsis
Mansur,Atchley
Mansur,Lunt
Mansur,Janocha
Mantis,Strooper
Manton,Kitai
Manton,Dratva
Manu,Rajcani
Mara,Zeilberger
Mara,Bugrara
Marek,Nooteboom
Maren,Thombley
Maren,Rusmann
Margareta,Osgood
Mari,Barinka
Maria,Zhang
Maria,Michaels
Maria,Taubenfeld
Maria,Jullig
Marin,Compeau
Marin,Savasere
Mario,Perfilyeva
Maris,Zhang
Marit,Czap
Marit,Perl
Mariusz,Kamble
Mariusz,Langford
Marjo,Litvinov
Marjo,Willoner
Marjo,Pauthner
Marjo,Perko
Mark,Jonsson
Marke,Hasham
Marke,Yetto
Marko,Bashian
Marla,Carrera
Marlo,Tyugu
Marlo,Speel
Marlo,Peroz
Marlo,Setia
Marsal,Kading
Marsal,Magliocco
Marsal,Pollacia
Marsal,Molberg
Marsal,Nishimukai
Marsal,Chleq
Marsha,Cromarty
Marsha,Michaels
Marsha,Rindone
Marsha,Wielonsky
Marsja,Vernadat
Marsja,Luders
Marsja,Falster
Mart,Peha
Mart,Makrucki
Martial,Marwedel
Martien,Hartvigsen
Martijn,Christ
Martina,Stroustrup
Martina,Aingworth
Martine,Herber
Martine,Demos
Martine,Heydon
Martins,Gonthier
Martins,Lundstrom
Martins,Zallocco
Mary,Glinert
Mary,Wossner
Mary,Decleir
Mary,Shihab
Mary,Linares
Masadi,Lammel
Masadi,Goodrum
Masaki,Picht
Masaki,Siochi
Masaki,Gelosh
Masako,Coombs
Masako,Androutsos
Masako,Sabnani
Masako,Heystek
Masako,Leppanen
Masako,Pargas
Masali,Dichev
Masami,Hockney
Masami,Cappelli
Masami,Nitta
Masanao,Lichtner
Masaru,Baranowski
Masaru,Heinisuo
Masaru,Jiang
Masaru,Seuren
Masasuke,Heering
Masasuke,Yurov
Masato,Heering
Masoud,Zielinski
Masoud,Wallrath
Matk,Larfeldt
Matk,Itzfeldt
Matk,Debuse
Mats,Arlazarov
Mats,Panangaden
Matt,Leaver
Matt,Chimia
Matt,Jording
Matt,Rissland
Maya,Loncour
Maya,Cools
Mayuko,Vesel
Mayumi,Langford
Mayumi,Hennings
Mayuri,Staylopatis
Mayuri,Francisci
Mayuri,Merlo
Mechthild,Maliniak
Mechthild,Trelles
Mechthild,Ibel
Mechthild,Lubachevsky
Menkae,Perin
Menkae,Mitzlaff
Michaela,Khasidashvili
Michaela,Larfeldt
Mihalis,Baca
Mihalis,Hasham
Mihalis,Wilharm
Mikhail,Frolund
Minghong,Siegrist
Mingsen,Melton
Mingsen,Sinicrope
Mingzeng,Mahmud
Mingzeng,Dratva
Miomir,Vigier
Miomir,Sankaranarayanan
Miquel,Chepyzhov
Mircea,Baby
Mitchel,Hellwagner
Mitchel,Codenie
Mitchel,Furedi
Mitsuyuki,Ranai
Mitsuyuki,Szilard
Mitsuyuki,Stanfel
Miyeon,Ressouche
Miyeon,Lammel
Mizuhito,Bazzichi
Mizuhito,Litvinov
Mizuhito,Busillo
Mizuhito,Puppo
Mizuhito,Lindenbaum
Mohamadou,Gini
Mohamadou,Junot
Mohammad,Ghandeharizadeh
Mohammad,Ullian
Mohammed,Moehrke
Mohan,Trumbly
Moheb,Kavvadias
Moheb,Cooman
Moheb,Khalid
Moheb,Reinhart
Mohit,Kroon
Mohit,McAffer
Mohua,Condotta
Moie,Goldhammer
Mokhtar,Straney
Mokhtar,Kaltofen
Mona,Straney
Mona,Luck
Mona,Mitzlaff
Mona,Carrere
Mong,Stemann
Moni,Stroustrup
Monique,Tramer
Monique,Menhardt
Moon,Uhrik
Mori,Azulay
Mori,Valiente
Mori,Plumb
Mori,McClurg
Moriyoshi,Tischendorf
Moriyoshi,Ventosa
Moriyoshi,Kumaresan
Moriyoshi,Kamber
Morrie,Sidhu
Morrie,Schurmann
Moss,Usdin
Moss,Foote
Mostafa,Pillow
Mostafa,Dechter
Mostafa,Dredge
Mostafa,Pardalos
Moto,Garigliano
Mototsugu,Gustavson
Mototsugu,Vakili
Moty,Pellegrinelli
Moty,Siepmann
Mountaz,Bratten
Mountaz,Bultermann
Mountaz,Huttel
Mountaz,Copas
Munehiko,Ranze
Munehiko,Fontan
Munehiro,Solares
Munehiro,Nannarelli
Munenori,Riefers
Munenori,Schiper
Munenori,Kenevan
Munenori,Vasanthakumar
Muneo,Bisiani
Muneo,Showalter
Muneo,Staudhammer
Munir,Morris
Murthy,Cunliffe
Murthy,Zhiwei
Murthy,Felder
Murthy,Luca
Muzhong,Erol
Muzhong,Gustavson
Muzhong,Niizuma
Nadjib,Taubenfeld
Naftali,Deville
Naftali,Huttel
Naftaly,Cannata
Naftaly,Gihr
Naftaly,Klassen
Nahid,Shackell
Nahid,Shihab
Nahid,Varker
Nakhoon,Blokdijk
Nalini,Billawala
Nalini,Oehlmann
Nalini,Lamma
Nalini,Pettis
Nalini,Bardell
Nalini,Scallan
Nalini,Hambrick
Naraig,Iacovou
Naraig,Mersereau
Naraig,Aumann
Nathalie,dAstous
Nathalie,Pepe
Nathalie,Cairo
Nathalie,Peek
Nathan,Ranta
Nathan,Engelmann
Navid,Kalorkoti
Navin,Picco
Nechama,Himler
Nechama,Waymire
Nectarios,Paciorek
Nectarios,Fujisawa
Nectarios,Farrag
Nectarios,Peltason
Neelam,Wilharm
Neelam,Calkin
Neven,Cyne
Neven,Anido
Neven,Stroustrup
Neven,Sridhar
Nevio,Serra
Nevio,Lindqvist
Nevio,Dechter
Nevio,Kroft
Nevio,Schoegge
Nidapan,Boudaillier
Nidapan,Segond
Nigel,Birch
Nigel,Aingworth
Nikolaos,Laventhal
Nikolaus,Businaro
Nikolaus,Edelhoff
Nikolaus,Melton
Nikolaus,Redmiles
Nikolaus,Erez
Nimmagadda,Monarch
Nimmagadda,Soicher
Niranjan,Bodoff
Niranjan,Gils
Niranjan,Lamma
Niranjan,Biron
Nirmal,Marsiglia
Nirmal,Benner
Niteen,Ventosa
Niteen,Thimonier
Niteen,Kadhim
Niteen,Tsukuda
Niteen,Naumovich
Nitsan,Monkewich
Nobuyoshi,Kuzuoka
Nobuyoshi,Carrere
Nobuyoshi,Beeson
Nobuyoshi,Ananiadou
Nobuyoshi,Mungall
Nobuyoshi,Olivero
Noritoshi,Pashtan
Oddvar,Desikan
Oddvar,Chimia
Odoardo,Markovitch
Odoardo,Lindenbaum
Oguz,Heydon
Oguz,Decaestecker
Ohad,Eastman
Oksana,Luiz
Oldrich,Quittner
Oldrich,Whitcomb
Oldrich,Rotem
Oldrich,Unni
Olivera,Papsdorf
Ortrud,Diderrich
Ortrun,Christianini
Oscar,Schauser
Ottavia,Wuwongse
Ottavia,Rissland
Ottavia,Impagliazzo
Ottavia,Deville
Owen,Crouzet
Owen,Kushnir
Owen,Ratzlaff
Owen,Rosaz
Paddy,Uchoa
Paddy,Maliniak
Palash,Fiebach
Paloma,Weisert
Paloma,Heping
Paloma,Bednarek
Paloma,Tyugu
Panayotis,Ibel
Panayotis,Lamba
Pantung,Picht
Pantung,Emmart
Paraskevi,Cromarty
Paris,Detkin
Paris,Ariola
Parke,Suppi
Parto,Menhardt
Parto,Pehl
Parviz,Farrar
Pasqua,Mukaidono
Pasqua,Qiwen
Patricia,Zucker
Patricio,Falby
Patricio,Reutenauer
Patricio,Usdin
Patricio,Schicker
Patricio,Thimonier
Patricio,Luon
Percy,Maliniak
Persi,Berstel
Peternela,Gurbaxani
Phillip,Schusler
Phillip,Langford
Phule,Krzyzanowski
Phuoc,Sessa
Phuoc,Clouatre
Phuoc,Albarhamtoshy
Pintsang,Yetto
Pintsang,Keustermans
Piyawadee,Kolinko
Piyawadee,Vecchio
Piyawadee,Vural
Piyawadee,Openshaw
Piyawadee,Lodder
Piyush,Impagliazzo
Poorav,Mateescu
Poorav,Esposito
Poornachandra,Garigliano
Pradeep,Piveteau
Pradeep,Kumaresan
Pradeep,Kushnir
Pragnesh,Lukaszewicz
Pramod,Wrigley
Pramod,Rissland
Pranav,Axelband
Pranav,Joslin
Pranav,Ashish
Pranay,Passino
Pranay,DeMori
Pranjal,Luca
Prasadram,Showalter
Premal,Spinelli
Premal,Quadeer
Premal,Levergood
Premal,Uhrik
Premsyl,Nergos
Prodip,Luca
Prodip,Rissanen
Prodip,Benzmuller
Przemyslawa,Peak
Qingxiang,Piancastelli
Qingxiang,Chiola
Qingxiang,Schueller
Qingxiang,Skogmar
Qiwen,Dolinsky
Qiwen,Prenel
Qiwen,Kriebel
Qunsheng,Biros
Radhakrishnan,Cooley
Radhakrishnan,Peot
Radhakrishnan,Stamatiou
Radhakrishnan,Mungall
Radhakrishnan,Angelov
Radhia,Azumi
Radhia,Talmon
Radhia,Vuskovic
Radhia,Brookman
Radhia,Nyanchama
Radhika,Gyimothy
Radoslaw,Pfau
Radoslaw,Marshall
Radoslaw,Krichel
Rafols,Shokrollahi
Rajmohan,Armand
Ramachenga,Peot
Ramachenga,Soicher
Ramalingam,Gunderson
Ramya,Buchter
Ramzi,Crabtree
Ranan,Stiles
Ranan,Guenter
Rance,Chinin
Rance,Billingsley
Rance,Chepyzhov
Randi,Wroclawski
Randi,Mattern
Randy,Vrecion
Randy,Georgatos
Randy,Narahari
Rasiah,Gurbaxani
Rasiah,Steenbeek
Rasiah,Yemenis
Ravishankar,Nilsson
Reinhard,Bauknecht
Reinhard,Kaltofen
Reinhard,Ramamoorthy
Reinhard,Fetvedt
Reinhard,Krohn
Reinhold,Rajala
Remco,Rassart
Remco,Rodite
Remko,Awdeh
Remmert,McClurg
Remmert,Brender
Renee,Jenevein
Renee,Kropp
Renee,Cichocki
Renee,Hainaut
Renee,Bernick
Renee,Wissmann
Reuven,Uludag
Reuven,Heijenga
Richara,Shobatake
Richard,Borovoy
Richard,Lubachevsky
Richard,Stifter
Richard,Hiroyama
Rildo,Menhoudj
Rimli,Cincotta
Rimon,Ozeki
Roddy,Neimat
Roddy,Himler
Roded,Crouzet
Ronghao,Lemarechal
Ronnie,Badr
Rosalie,Deville
Rosalyn,Zykh
Rosalyn,Schusler
Rosalyn,Akaboshi
Rosella,Lorch
Roselyn,Borovoy
Rosine,Champarnaud
Rosita,Sury
Rosli,Trelles
Rosli,Kornatzky
Sachem,Merey
Sachem,Rindone
Sachem,Showalter
Sachem,Cochrane
Sachem,Boguraev
Sachin,Conte
Sachin,Shackel
Sachin,Luders
Sachin,Nyanchama
Sachio,Pocchiola
Sachio,Gils
Sachio,Wolniewicz
Sachio,Plesums
Saddek,Imataki
Sadegh,Rothe
Sadegh,Cappello
Sadegh,Schade
Sadok,Garnham
Sadok,Kilgore
Sadok,Lorys
Sadun,Bultermann
Saeed,Rosin
Saeed,Wossner
Saeed,Doering
Saeed,Mersereau
Saeko,Wuwongse
Sahrah,Penz
Sailaja,Trumbly
Sailaja,Vickson
Sailaja,Gill
Sajjan,Solares
Sakthirel,Schlenzig
Sakthirel,Pashtan
Salvador,Luca
Salvador,Ramalingam
Salvador,Clemencon
Sampalli,Zaiane
Sampalli,Heemskerk
Sampalli,Maraist
Samphel,Malinowski
Samphel,Gerlach
Samphel,Bouloucos
Sandeepan,Lammel
Sangeeta,Feldmann
Sangeeta,Rosar
Sanjai,Luders
Sanjeeva,Denos
Sanjeeva,Rajaraman
Sanjeeva,Kowalchuk
Sanjiv,Bugrara
Sanjoy,Nations
Sanjoy,Slaats
Sanjoy,Tzvieli
Sanjoy,Ballarin
Sariel,Suomi
Sariel,Schlegelmilch
Sariel,Baaleh
Sariel,Babb
Sarita,Gulak
Sarita,Crelier
Sasan,Rosaz
Sashi,Itzigehl
Sastry,Emiris
Sastry,Kavraki
Sastry,Junet
Sastry,Rodier
Satoru,Gruenwald
Satosi,Warwick
Satyanarayana,Pettis
Satyanarayana,Itschner
Satyanarayana,Pollock
Sedat,Loncour
Sedat,Sanella
Seongbae,Baaz
Seongbae,Beilner
Seongbae,Zykh
Seongbae,Haddadi
Seongbin,Stafford
Seongbin,Mitsuhashi
Seongbin,Ariola
Serap,Rosca
Serap,Kaiser
Serenella,Oxenboll
Serenella,Hiraishi
Serenella,Pollock
Serge,Beeson
Sergi,Jenevein
Sergi,Leslie
Seshu,Mitina
Seshu,Cooke
Shahab,Eiron
Shahid,Papadias
Shahid,Babu
Shahid,Boissier
Shai,Cangellaris
Shaibal,Stanfel
Shakhar,Zedlitz
Shaleah,DeMori
Shalesh,Perelgut
Sham,Einsfeld
Sham,Openshaw
Sham,Swift
Shan,Lieblein
Shan,Encarnacion
Shan,Comyn
Shao,Copas
Shao,Ibel
Shao,Desikan
Shaowei,Luiz
Shaowei,Rehfuss
Shaowei,Stranks
Shaowei,Nations
Shaowen,Krogh
Shaowen,Miake
Shaunak,Tzvieli
Shaunak,DiGiano
Shaw,Juneja
Shawna,Kakkad
Shawna,Alpay
Shawna,Narahara
Shawna,Akazan
Shay,Fiutem
Shay,Nergos
Shaz,Erdmenger
Shaz,Itschner
Shem,Jayawardene
Shem,Smeets
Shem,Poupard
Shem,Hooghiemstra
Shem,Armand
Shem,Whitcomb
Shem,Ginesta
Shen,Oaver
Shen,Spell
Shen,Sommen
Shen,Genin
Shichao,Zaiane
Shigeaki,Bultermann
Shigeaki,Rettelbach
Shigeaki,Joslin
Shigeaki,Denis
Shigehiro,Granlund
Shigehiro,Chiodo
Shigehito,Poujol
Shigehito,Peha
Shigehito,Huhdanpaa
Shigehito,Falby
Shigeichiro,Khalid
Shigenori,Angel
Shigenori,Siksek
Shigenori,Pelc
Shigeu,Langford
Shigeu,Vidal
Shih,Schwaller
Shih,Merro
Shih,Nanard
Shih,Valiente
Shih,Kuszyk
Shih,Feldhoffer
Shim,Copas
Shim,Sewelson
Shimshon,Emmerich
Shimshon,Azuma
Shimshon,Albarhamtoshy
Shimshon,Nergos
Shin,Ferretti
Shin,Birdsall
Shin,Luck
Shir,Terwilliger
Shir,Provine
Shirish,Tischendorf
Shirish,Lieblein
Shiv,Bernardeschi
Shiv,Jiafu
Shiv,Barbanera
Shiv,Karcich
Shmuel,Seuren
Shmuel,Meriste
Shmuel,Gils
Shmuel,Coombs
Shooichi,Rosti
Shooichi,Sudkamp
Shounak,Rissland
Shounak,Picci
Shounak,Siksek
Shridhar,Zlotek
Shridhar,Orlowska
Shrikanth,Suwa
Shrikanth,Alameldin
Shrikanth,Hettesheimer
Shrikanth,Bressoud
Shugo,Peck
Shugo,Denna
Shugo,Eiter
Shugo,Domenig
Shuho,Khamsi
Shuichi,Perl
Shuichi,Leijenhorst
Shuichi,Furudate
Shuji,Anily
Shuji,Felder
Shuky,Itzigehl
Shuky,Hofman
Shunichi,Orsini
Shunichi,Rosca
Shuzo,Sadowski
Shuzo,Hasenauer
Siamak,Hambrick
Siddarth,Rosen
Sigeru,Hofstetter
Sigeru,Beilner
Sigeru,Baez
Sigeru,Narlikar
Sivanarayana,Sewelson
Slavian,Peac
Slavian,Merro
Snehasis,Kalsbeek
Soenke,Ratzlaff
Somnath,Zielinski
Somnath,Sidhu
Sorina,Herber
Sorina,Crouzet
Sreekrishna,Hertweck
Sreekrishna,Fendler
Sreenivas,Parfitt
Srinidhi,Sinicrope
Stafford,Pramanik
Stamatina,Erde
Stamatina,Shiratori
Steen,Pappas
Steen,Bhattacharjee
Steen,Zeidenstein
Stein,Broder
Stella,Sichman
Stella,Claffy
Stella,Yamaashi
Stella,Perry
Stella,Pelc
Stepehn,Fritzsche
Steve,Tibblin
Stevo,Ariola
Subbu,Gurbaxani
Subhada,Kambil
Subhash,Gniady
Subhash,Maksimenko
Subhrajyoti,Shigei
Subir,Noriega
Subir,Suessmith
Subir,Ramaiah
Sudhanshu,Schwabacher
Sudhanshu,Liesche
Sudhanshu,Sommer
Sudharsan,Miculan
Sudharsan,Solares
Sudharsan,Veccia
Suebskul,Grandbois
Sukumar,Guerreiro
Sukumar,Werthner
Sukumar,Tsukuda
Sumali,Percebois
Sumali,Schusler
Sumant,Naudin
Sumant,Kakkar
Sungwon,Vural
Supot,Flowers
Surveyors,Bernardinello
Susanna,Chaudhury
Susanna,Marzano
Susanta,Staelin
Susanta,Panwar
Sushant,Baalen
Sushant,Honiden
Suvo,Iivonen
Suvo,Schwartzburd
Suvo,Raney
Suzette,Schrooten
Suzette,Kruskal
Suzette,Schreiter
Sven,Zallocco
Sven,Hitomi
Sven,Bernini
Sven,Wolniewicz
Sverrir,Renear
Syozo,Koyama
Szabolcs,Borstler
Tadahiro,Hettesheimer
Tadahiro,Kisuki
Tadanori,Sudbeck
Taegyun,Rodiger
Taiji,Oskamp
Taiji,Malinowski
Taiji,Iacovou
Taiji,Goodrum
Taisook,Cronan
Taisook,Francisci
Taizo,Reistad
Takahira,Daescu
Takahira,Gargeya
Takahiro,Veldwijk
Takahiro,Matzov
Takahiro,Beerel
Takahito,Hardjono
Takahito,Bolotov
Takahito,Weisert
Takanari,Famili
Takanari,Unni
Takushi,Kalloufi
Takushi,Anger
Tamiya,Kambil
Tamiya,Walston
Tamiya,Baca
Tayeb,Curless
Teiji,Aamodt
Temple,Narahara
Terresa,Akiyama
Terresa,Demri
Terresa,Stiles
Teruyuki,Pellegrinelli
Tesuya,Vendrig
Tesuya,Coombs
Tetsushi,Staylopatis
Tetsushi,Prochazka
Tetsushi,McAffer
Teunis,Iacovou
Theirry,Gischer
Theron,Huxford
Theron,Itschner
Thodoros,Boyle
Thodoros,Lipner
Thodoros,Vasanthakumar
Thodoros,Gien
Tiina,Daescu
Tokuyasu,Ertl
Tokuyasu,Pesch
Tomofumi,Budinsky
Tomofumi,Gide
Tomofumi,Heuser
Tomokazu,Bondorf
Toney,Diderrich
Toney,Naudin
Toney,Anido
Toney,Maliniak
Tonia,Casley
Toong,Kaelbling
Toong,Kuhnemann
Toong,Munoz
Tooru,Lung
Tooru,Falco
Tooru,Parfitt
Torsten,Krichel
Toshiki,Raczkowsky
Toshiko,Sidje
Toshiko,Schlenzig
Toshiko,Schapire
Toshimi,Barreiro
Toshimi,Picci
Toshimitsu,Steinauer
Toshimo,Reghbati
Toshimo,Picco
Toshimori,Benveniste
Toshimori,Kuszyk
Toshimori,Rosenbaum
Toshimori,Bugrara
Tran,Francisci
Tran,Katalagarianos
Tristan,Gulik
Tristan,Isaac
Tru,Kalorkoti
True,Hofman
True,Salverda
Trygve,Barreiro
Trygve,Feinberg
Trygve,Itschner
Tse,Leuchs
Tsuneo,Lagarias
Tsutomu,Itzfeldt
Tsutomu,Alameldin
Tsvetan,Erbe
Tua,Marrakchi
Tuval,Ramaiah
Tuval,Veldwijk
Tuval,Stifter
Tze,Trelles
Tzu,Tramer
Tzu,Ratzlaff
Udaiprakash,Hofman
Udi,Ciolek
Udo,Velardi
Udo,Bernini
Uinam,Soicher
Uinam,Nations
Ulf,Ventosa
Ulf,Chachaty
Ulf,Braunmuhl
Uli,Hatcliff
Ulises,Facello
Uma,Thebaut
Unal,Schwabacher
Unal,Tsunoo
Ung,McFarlin
Uri,Scharstein
Uriel,Daescu
Uriel,Gente
Urs,Marwedel
Urs,Danley
Urs,Fairtlough
Uta,Bale
Uta,Berendt
Uta,Lowrie
Uta,Shackell
Ute,Itzfeldt
Ute,Androutsos
Utz,Menhardt
Uzi,Swick
Uzi,Trystram
Uzi,Fioravanti
Uzi,Henders
Val,Terwilliger
Valdiodio,Pavlopoulou
Valdiodio,Capobianchi
Valdiodio,Irland
Valdiodio,Marwedel
Valdiodio,Angelov
Valdiodio,Weedman
Valeri,Luff
Valery,Klerer
Van,Furudate
Van,Cannane
Vasilii,Luck
Vasilii,Grabner
Vasilii,Billawala
Vasilis,Honiden
Vasilis,Hambrick
Vasilis,Gecsei
Vatsa,Lunn
Vatsa,Denny
Vesna,Atrawala
Vesna,Barbanera
Vidar,Nitto
Vidya,Wynblatt
Vidya,Leppanen
Vidya,Piveteau
Vidya,Hanabata
Vincent,Peral
Vincent,Muhlberg
Vincent,Lortz
Vincent,Guting
Vincent,Rousseau
Vincent,Fraisse
Vishv,Stanger
Vishv,Joslin
Vishwani,Nastansky
Vitali,Vieri
Vitaly,Akiyama
Vivian,Demian
Vivian,Minakawa
Vojin,Farrar
Vojin,Baby
Vojin,Maliniak
Vojin,Talmor
Volkmar,Schusler
Vugranam,Staylopatis
Vugranam,Dalphin
Vugranam,Luft
Waiman,Sudkamp
Waiman,Valiente
Waiman,McFarlan
Waiman,Lodder
Waiman,Boguraev
Waiman,Kavraki
Wanqing,Masada
Wanqing,Wissmann
Wayne,Baby
Wayne,Zallocco
Weicheng,Hitomi
Weicheng,Leslie
Weicheng,Anick
Weicheng,Hatcliff
Weidon,Snedden
Weidon,Bellone
Weijing,Camarinopoulos
Weijing,Chenoweth
Weiru,Kaelbling
Weiru,Fontet
Weiwu,Pardalos
Weiye,Norsworthy
Weiye,Cunliffe
Weiyi,Denny
Weiyi,Ranft
Werner,Taneja
Werner,Knightly
Werner,Clemencon
Willard,Liedekerke
Willard,Baca
Willard,Pelc
Willard,Szemeredi
Wilmer,Speek
Wojceich,Peek
Wonhee,Pagter
Woody,Copas
Xiahua,Litvinov
Xiahua,Birke
Xiahua,Whitcomb
Xianlong,Seghrouchni
Xianlong,Oskamp
Xianlong,Pashtan
Xiaobin,Bail
Xiaocheng,Syang
Xiaoheng,Halevi
Xiaopeng,Bahr
Xiaoqiang,Tischendorf
Xiaoqiang,Cromarty
Xiaoqiu,Gonthier
Xinan,Janocha
Xinglin,Suri
Xinyu,Schlegelmilch
Xinyu,Gide
Xiong,Copas
Xiping,Spinelli
Xiping,Birdsall
Xiping,Ranze
Xudong,Huttel
Xudong,Bamford
Xudong,Setia
Xudong,Rusmann
Xuedong,Hartvigsen
Xuedong,Ranta
Xuejia,Barinka
Xuejia,Kuzuoka
Xuejun,Papsdorf
Yaghout,Murrill
Yaghout,Moffat
Yaghout,Pollock
Yagil,Lorie
Yagil,Turnbull
Yahiko,Chinin
Yakichi,Bugrara
Yakichi,Waeselynck
Yakkov,Haraldson
Yannik,Gilg
Yannik,Lukaszewicz
Yannis,Lanzelotte
Yannis,Mandell
Yechiam,Luit
Yefim,Ferretti
Yefim,Taneja
Yefim,Nollmann
Yefim,Xiaoshan
Yefim,Luef
Yefim,Undy
Yifei,Schiper
Yifei,Gien
Yifei,Stiles
Yifei,Ranon
Yinghua,Maraist
Yinghua,Luga
Yinlin,Kamble
Yinlin,Collavizza
Yinlin,Iivonen
Yinlin,Flowers
Yishai,Luiz
Yishai,Baik
Yishai,Stanger
Yishai,Foote
Yishay,Cronan
Yishay,Rissland
Ymte,Beutelspacher
Ymte,Hoogerwoord
Ymte,Kaelbling
Yolla,Ramras
Yongdong,Dolinsky
Yonghoan,Quittner
Yonghong,Glowinski
Yongmao,Muntz
Yongmao,Heuser
Yongmao,Hiltgen
Yongmao,Erdi
Yongmao,Mondadori
Yongmin,Spelt
Yongmin,Petereit
Youjian,Verhaegen
Youjian,Diderrich
Youjian,Simmen
Youjian,Cronau
Youjian,Bottner
Youjian,Chiola
Youpyo,Khasidashvili
Youpyo,Veldwijk
Youpyo,Heydon
Youssef,Uhrig
Youssef,Varker
Youssef,Jording
Yucai,Albarhamtoshy
Yucel,Kaiser
Yucel,Reinhard
Yuguang,Fritzsche
Yuguang,Marakhovsky
Yuguang,Hagimont
Yuichiro,Flowers
Yuichiro,Setia
Yuichiro,Ramaiah
Yuichiro,Sommen
Yunming,Muchinsky
Yunming,Puppo
Yunming,Lakshmanan
Yuping,Kolvik
Yuping,Stentiford
Yuping,Heiserman
Yuqun,Awdeh
Yuqun,Kobuchi
Yuqun,Salinas
Yurii,Kragelund
Yurij,Mahmud
Yuriy,Businaro
Zdislav,DiGiano
Zdislav,Emiris
Zdislav,Hedayat
Zejun,Swick
Zejun,Luef
Zeljko,Bashian
Zeljko,Herbst
Zengping,Kruskal
Zengping,Schapire
Zengping,Fontet
Zhanqiu,Muntz
Zhanqiu,Gulik
Zhanqiu,Byoun
Zhenbing,Cappello
Zhenbing,Babb
Zhenbing,Oxman
Zhenhua,Kampfer
Zhenhua,Manders
Zhensheng,Dehkordi
Zhigen,Emden
Zhigen,Rusterholz
Zhigen,Pepe
Zhilian,Ramamoorthy
Zhilian,Brookner
Zhilian,Pelz
Zhiwei,Shinomoto
Zhiwei,Kuhnemann
Zhiwei,Fontan
Zhongwei,Molenkamp
Zhongwei,Morris
Zhongwei,Roccetti
Zhongwei,Ozeki
Zhongwei,Emmerich
Zhongwei,Angot
Zhongwei,Leuchs
Zhongwei,Bahr
Zine,Ghazalie
Zine,Onuegbe
Zine,Douceur
Zine,Diderrich
Zito,Valiente
Zito,Beetstra
Ziva,Goldhammer
Ziya,Schurmann
Ziya,Barriga
Ziyad,Walstra
Zongyan,Jansen
Zongyan,Bamford
Zongyan,Jayawardene
Zongyan,Loncour
Zorica,Peck
Zsolt,McAffer
Zsolt,Lunn
Zsolt,Jervis
Zvonko,Mandell
Zvonko,Masaki
